[{"id": "56626810-f67d-4628-a8bd-d07bac8e6ee9", "FirstName": "Erika", "MiddleName": "", "LastName": "R\u00edos", "Suffix": "", "DOB": null, "Sex": "U", "PhotoPrefix": "", "PhotoFileName": "", "Status": "A", "UserType": "A", "Email": "erikarioz1981@gmail.com", "Phone": "+526642123275", "Password": "$2a$10$EVz8beJ0Wk4/AAXqbg4iSOkvfOGNVnqKd/BGwEr5ySG1Ip.winA1a", "LastLoginIp": null, "LastLoginDate": null, "created": "2022-05-03T23:34:20", "updated": "2024-08-22T01:19:32", "default_account_id": "639b1f57-c02c-4995-a690-77a770061eb9", "Locale": "es_US", "DateFormat": "dmy12", "TimeZone": "America/Tijuana"}]