[{"id": 925362013, "user_id": "56626810-f67d-4628-a8bd-d07bac8e6ee9", "account_id": "2562d7b2-5b65-4bcd-a6c6-aaba14cb68a8", "PersonalPin": null, "MemberStatus": "S", "created": "2022-05-03T23:40:12", "updated": "2022-05-03T23:40:12", "skyhook_registration": 0, "UserType": "R", "UserStatus": "A"}, {"id": 925361042, "user_id": "56626810-f67d-4628-a8bd-d07bac8e6ee9", "account_id": "639b1f57-c02c-4995-a690-77a770061eb9", "PersonalPin": null, "MemberStatus": "S", "created": "2022-05-03T23:34:20", "updated": "2022-05-03T23:40:12", "skyhook_registration": 0, "UserType": "A", "UserStatus": "D"}, {"id": 1049780570, "user_id": "56626810-f67d-4628-a8bd-d07bac8e6ee9", "account_id": "e7b4bfab-9537-410f-9bd4-06cf0a1c2997", "PersonalPin": null, "MemberStatus": "S", "created": "2023-06-22T20:07:23", "updated": "2023-06-22T20:07:23", "skyhook_registration": 0, "UserType": "R", "UserStatus": "A"}]