[{"id": 17076069974, "user_id": "56626810-f67d-4628-a8bd-d07bac8e6ee9", "app_id": "com.life360.android.safetymapd", "app_version": "23.17.0K build 269450", "device_udid": "dea015b870f93bb7", "ad_udid": "01db4568-c187-4712-9fc1-f7b6b684ee62", "ad_limit": 0, "device_token": "", "device_type": "android", "device_name": "a20p", "device_model": "SM-A205U", "device_version": "10", "extras": "fcm:cavc0OTlRm-wZLcgmuVs_A:APA91bF_vNDMeWxmI___hXhv1JQ0Bi9eJymeKAnKAVhIvZZzXPuE9csdrZD6O6zM4PZslMmMDKFwUH5Q5foqxEbQwJ3vdpchF-qn5qLqUMGQc4tVdUjK2GN8wj5_vvYzsLijrhh3K6yS", "status": "A", "created": "2022-05-03T23:34:22", "updated": "2023-05-29T01:49:42"}, {"id": 18580865843, "user_id": "56626810-f67d-4628-a8bd-d07bac8e6ee9", "app_id": "com.life360.android.safetymapd", "app_version": "23.27.0K build 273970", "device_udid": "447bebe0-5782-4cdc-b617-999a3154d3c4", "ad_udid": "01db4568-c187-4712-9fc1-f7b6b684ee62", "ad_limit": 0, "device_token": "", "device_type": "android", "device_name": "a20p", "device_model": "SM-A205U", "device_version": "10", "extras": "fcm:dppr31CfQ_KBsB_qYy_FOb:APA91bHjX4RNJe7nH9cJM-QKa96tF0V9PNtkEEz2KmachelvkwRpu8lKDiwNEWVZLWJC8t6Kjx3Nsx2qIegGjM1unFdWHa1njOq4zZxnCG24vyOFW8duiPvVPwRR8sYq2HX_rRHNIYpR", "status": "A", "created": "2023-07-03T19:09:53", "updated": "2023-08-03T02:29:59"}, {"id": 18700294995, "user_id": "56626810-f67d-4628-a8bd-d07bac8e6ee9", "app_id": "com.life360.android.safetymapd", "app_version": "23.47.0K build 280780", "device_udid": "f493baa0-bcc5-4b0f-872c-48fb2f99f0ef", "ad_udid": "25f9977e-b444-443d-87c1-72d68232e5ce", "ad_limit": 0, "device_token": "", "device_type": "android", "device_name": "a20p", "device_model": "SM-A205U", "device_version": "10", "extras": "fcm:d0zxhDB8Smqz7MkOg91rUh:APA91bFi139dxckwiIhW7vKi58_EmkUDjpCu3h_oXzhtHRiKoKEuvOaOZ7a6XUET59O1imsE9_TaJEsFh4bpU6au6JOWUs2fXyquMOTMP9pzCDUUN5IP6FlcqhCdwbzDXJixHivZ365s", "status": "A", "created": "2023-08-05T17:36:43", "updated": "2023-12-02T09:04:05"}, {"id": 19460876293, "user_id": "56626810-f67d-4628-a8bd-d07bac8e6ee9", "app_id": "com.life360.android.safetymapd", "app_version": "23.50.0K build 281750", "device_udid": "fb65d2db-be69-4840-8116-a26a22f9cd06", "ad_udid": "7f0c1b62-4181-49a8-ba14-c14b0e2c110d", "ad_limit": 0, "device_token": "", "device_type": "android", "device_name": "a20p", "device_model": "SM-A205U", "device_version": "10", "extras": "fcm:et77kPfRTCSWR-snZIuMBm:APA91bEXPT8M7RpvaEzz_In_vkLa1Kb4pochwfzxT4C0yIcbZ17ToydLGPJ-epicJ35x_syeGWdTKzk_1JRgpx6n8usCYRG4m3HR1nShSG5iY774H_ESTxfZJ0w_QH-W9MumVMcIkPTU", "status": "A", "created": "2023-12-17T06:15:15", "updated": "2023-12-22T00:19:48"}, {"id": 20434411255, "user_id": "56626810-f67d-4628-a8bd-d07bac8e6ee9", "app_id": "com.life360.android.safetymapd", "app_version": "24.14.0K build 288340", "device_udid": "androideSYeo6zHTW2t11OiccuIST", "ad_udid": "648305dd-f71d-429e-b2f7-10ca1ad1abe1", "ad_limit": 0, "device_token": "", "device_type": "android", "device_name": "a20p", "device_model": "SM-A205U", "device_version": "10", "extras": "fcm:eSYeo6zHTW2t11OiccuIST:APA91bHvK1b26d2Ghh86iSFTSuA9SjQwdJ_Z810AyYMA2rmkn1LIbUrm2KgjcBf2dXB7wxkIjMqMfaQtZI-EU-lcZ5iiknlRCvaI1Sji_BNA8RLXukD7AROssjXY9uNOe2mFTdDvqB4G", "status": "A", "created": "2024-04-21T20:29:58", "updated": "2024-04-21T20:29:58"}, {"id": 21381528827, "user_id": "56626810-f67d-4628-a8bd-d07bac8e6ee9", "app_id": "com.life360.android.safetymapd", "app_version": "24.31.0K build 296030", "device_udid": "androiddZ-4OHgFT_WLf0IojcYVJZ", "ad_udid": "40f4e992-2168-4b60-8fdb-ad0e3fc0fadd", "ad_limit": 0, "device_token": "", "device_type": "android", "device_name": "rosemary", "device_model": "2207117BPG", "device_version": "13", "extras": "fcm:dZ-4OHgFT_WLf0IojcYVJZ:APA91bGP_3SXp0R9CyEMkQ6cJEBN82-pYpc0DlbarCYH6fjJZcQLgRPKa4aF8aSvUUsHMgoSM3Fu8rNTbd-W-AMxMrByN_bf7PXVesCp2GGJa1nPFhKZNMMh2yUAk361svl6d_M0akiK", "status": "A", "created": "2024-08-22T01:19:45", "updated": "2024-08-22T01:19:45"}]