[{"place_id": "7387552d-a3e7-4f7d-a48e-5f003d2549be", "source_id": "7387552d-a3e7-4f7d-a48e-5f003d2549be", "source": "u", "user_id": "56626810-f67d-4628-a8bd-d07bac8e6ee9", "account_id": "2562d7b2-5b65-4bcd-a6c6-aaba14cb68a8", "latitude": "32.50858800", "longitude": "-116.73862200", "radius": null, "updated": "2022-05-03T23:48:54"}, {"place_id": "16d94fe9-5116-4b45-b6fb-6c1c6c3fda2d", "source_id": "16d94fe9-5116-4b45-b6fb-6c1c6c3fda2d", "source": "u", "user_id": "56626810-f67d-4628-a8bd-d07bac8e6ee9", "account_id": "639b1f57-c02c-4995-a690-77a770061eb9", "latitude": "37.78013700", "longitude": "-122.39653500", "radius": "304.8", "updated": "2022-05-03T23:38:34"}]